{
    "current": {
        "heading_color": "#232222",
        "text_color": "#080808",
        "text_light_color": "#939393",
        "link_color": "#323232",
        "background": "#ffffff",
        "light_background": "#ffffff",
        "product_on_sale_color": "#f94c43",
        "button_background": "#5c5c5c",
        "button_text_color": "#ffffff",
        "header_background": "#ffffff",
        "header_heading_color": "#5c5c5c",
        "header_light_color": "#939393",
        "footer_background": "#727272",
        "footer_heading_color": "#bbcce1",
        "footer_text_color": "#f3f3f3",
        "navigation_background": "#ffffff",
        "navigation_text_color": "#5c5c5c",
        "newsletter_popup_background": "#ffffff",
        "newsletter_popup_text_color": "#1c1b1b",
        "secondary_elements_background": "#5c5c5c",
        "secondary_elements_text_color": "#ffffff",
        "heading_font": "futura_n4",
        "heading_size": "large",
        "uppercase_heading": true,
        "text_font": "century_gothic_n4",
        "base_text_font_size": 15,
        "currency_conversion_enabled": true,
        "currency_conversion_round_amounts": true,
        "currency_conversion_supported_currencies": "USD CAD EUR GBP",
        "currency_conversion_money_format": "money_format",
        "show_page_transition": true,
        "show_image_zooming": true,
        "show_element_staggering": true,
        "search_mode": "product,article",
        "size_chart_page": "",
        "product_show_price_on_hover": true,
        "product_show_secondary_image": true,
        "product_info_alignment": "left",
        "product_image_size": "natural",
        "product_list_horizontal_spacing": "small",
        "product_list_vertical_spacing": "small",
        "cart_type": "drawer",
        "cart_enable_notes": true,
        "cart_show_free_shipping_threshold": false,
        "cart_free_shipping_threshold": 50,
        "share_image": "",
        "social_facebook": "",
        "social_twitter": "",
        "social_google_plus": "",
        "social_pinterest": "",
        "social_instagram": "",
        "social_vimeo": "",
        "social_tumblr": "",
        "social_youtube": "",
        "social_linkedin": "",
        "social_snapchat": "",
        "social_fancy": "",
        "favicon": "",
        "checkout_header_image": "",
        "checkout_logo_image": "",
        "checkout_logo_position": "center",
        "checkout_logo_size": "small",
        "checkout_body_background_image": "",
        "checkout_body_background_color": "#fff",
        "checkout_input_background_color_mode": "white",
        "checkout_sidebar_background_image": "",
        "checkout_sidebar_background_color": "#fafafa",
        "checkout_heading_font": "-apple-system, BlinkMacSystemFont, 'Segoe UI', Roboto, Helvetica, Arial, sans-serif, 'Apple Color Emoji', 'Segoe UI Emoji', 'Segoe UI Symbol'",
        "checkout_body_font": "-apple-system, BlinkMacSystemFont, 'Segoe UI', Roboto, Helvetica, Arial, sans-serif, 'Apple Color Emoji', 'Segoe UI Emoji', 'Segoe UI Symbol'",
        "checkout_accent_color": "#323232",
        "checkout_button_color": "#5c5c5c",
        "checkout_error_color": "#e32c2b",
        "sections": {
            "sidebar-menu": {
                "type": "sidebar-menu",
                "settings": {
                    "primary_menu": "main-menu",
                    "secondary_menu": "",
                    "show_social_media": true
                }
            },
            "announcement": {
                "type": "announcement",
                "settings": {
                    "enable_bar": true,
                    "home_page_only": false,
                    "background": "#f3f3f3",
                    "text_color": "#5c5c5c",
                    "content": "Welcome to Aurora",
                    "link": ""
                }
            },
            "header": {
                "type": "header",
                "settings": {
                    "use_sticky_header": true,
                    "logo": "",
                    "logo_max_width": 140,
                    "navigation_menu": "main-menu",
                    "navigation_style": "center",
                    "enable_transparent_header": true,
                    "enable_transparent_header_collection": false,
                    "transparent_text_color": "#ffffff",
                    "transparent_logo": ""
                }
            },
            "footer": {
                "type": "footer",
                "blocks": {
                    "footer-0": {
                        "type": "text",
                        "settings": {
                            "title": "About Aurora",
                            "content": "Aurora is a premium, AI-optimized Shopify theme designed for high-performance stores.",
                            "show_social_media": false
                        }
                    },
                    "footer-1": {
                        "type": "links",
                        "settings": {
                            "menu": "footer"
                        }
                    },
                    "1536066864265": {
                        "type": "links",
                        "settings": {
                            "menu": "sidebar-menu"
                        }
                    }
                },
                "block_order": [
                    "footer-1",
                    "footer-0",
                    "1536066864265"
                ],
                "settings": {
                    "show_payment_methods": true
                }
            },
            "slideshow": {
                "type": "slideshow",
                "blocks": {
                    "slide-0": {
                        "type": "image",
                        "settings": {
                            "image": "",
                            "mobile_image": "",
                            "apply_overlay": false,
                            "content_position": "bottomLeft",
                            "subheading": "",
                            "title": "",
                            "button_1_text": "",
                            "button_1_link": "",
                            "button_2_text": "",
                            "button_2_link": ""
                        }
                    },
                    "slide-1": {
                        "type": "image",
                        "settings": {
                            "image": "",
                            "mobile_image": "",
                            "apply_overlay": false,
                            "content_position": "middleCenter",
                            "subheading": "Slide title",
                            "title": "Tell your story",
                            "button_1_text": "",
                            "button_1_link": "",
                            "button_2_text": "",
                            "button_2_link": ""
                        }
                    },
                    "1536064794716": {
                        "type": "image",
                        "settings": {
                            "image": "",
                            "mobile_image": "",
                            "apply_overlay": true,
                            "content_position": "bottomLeft",
                            "subheading": "Slide title",
                            "title": "Tell your story",
                            "button_1_text": "",
                            "button_1_link": "",
                            "button_2_text": "",
                            "button_2_link": ""
                        }
                    }
                },
                "block_order": [
                    "slide-1",
                    "slide-0",
                    "1536064794716"
                ],
                "settings": {
                    "show_fullscreen": true,
                    "show_arrow": false,
                    "autoplay": true,
                    "cycle_speed": 5,
                    "text_color": "#ffffff",
                    "button_color": "#363636"
                }
            },
            "featured-collections": {
                "type": "featured-collections",
                "blocks": {
                    "featured-collection-0": {
                        "type": "collection",
                        "settings": {
                            "collection": "",
                            "title": "",
                            "grid_items_count": 16,
                            "button_text": "View all products"
                        }
                    }
                },
                "block_order": [
                    "featured-collection-0"
                ],
                "settings": {
                    "title": "hot summer sales of the week",
                    "layout_mode": "grid",
                    "show_product_info": true,
                    "show_color_swatch": false,
                    "grid_mobile_items_per_row": "2",
                    "grid_desktop_items_per_row": 4
                }
            },
            "collection-list": {
                "type": "collection-list",
                "blocks": {
                    "collection-0": {
                        "type": "collection",
                        "settings": {
                            "collection": "",
                            "image": "",
                            "image_alignment": "center center",
                            "content_position": "bottomLeft",
                            "subheading": "you\u2019ll find the perfect fit for your wrist",
                            "title": "LUXURY WATCHES",
                            "button_text": "View products",
                            "apply_overlay": true
                        }
                    },
                    "collection-1": {
                        "type": "collection",
                        "settings": {
                            "collection": "",
                            "image": "",
                            "image_alignment": "center center",
                            "content_position": "bottomLeft",
                            "subheading": "ultimate guide to the newest and coolest gadgets.",
                            "title": "Smart Gadgets",
                            "button_text": "View products",
                            "apply_overlay": true
                        }
                    },
                    "collection-2": {
                        "type": "collection",
                        "settings": {
                            "collection": "",
                            "image": "",
                            "image_alignment": "center center",
                            "content_position": "bottomLeft",
                            "subheading": "Stay in touch with out latest phone accessories",
                            "title": "",
                            "button_text": "View products",
                            "apply_overlay": true
                        }
                    }
                },
                "block_order": [
                    "collection-0",
                    "collection-1",
                    "collection-2"
                ],
                "settings": {
                    "image_size": "small",
                    "add_spacing": true,
                    "expand_collection": false,
                    "text_color": "#ffffff",
                    "button_color": "#363636"
                }
            },
            "shop-the-look": {
                "type": "shop-the-look",
                "blocks": {
                    "look-0": {
                        "type": "look",
                        "settings": {
                            "image": "",
                            "dot_style": "light",
                            "product_1": "acupressure-mat-massage-cushion-with-pillow",
                            "product_1_horizontal_position": 30,
                            "product_1_vertical_position": 40,
                            "product_2": "mabox-bamboo-charcoal-blackhead-removal",
                            "product_2_horizontal_position": 45,
                            "product_2_vertical_position": 65,
                            "product_3": "3-colors-microblading-eyebrow-tattoo-pen",
                            "product_3_horizontal_position": 70,
                            "product_3_vertical_position": 50
                        }
                    },
                    "look-1": {
                        "type": "look",
                        "settings": {
                            "image": "",
                            "dot_style": "light",
                            "product_1": "20pc-diy-mosaic-wall-tiles-stickers",
                            "product_1_horizontal_position": 25,
                            "product_1_vertical_position": 45,
                            "product_2": "450ml-ball-humidifier-with-aroma-lamp-essential-oil",
                            "product_2_horizontal_position": 55,
                            "product_2_vertical_position": 30,
                            "product_3": "large-capacity-mesh-laundry-bag",
                            "product_3_horizontal_position": 65,
                            "product_3_vertical_position": 60
                        }
                    }
                },
                "block_order": [
                    "look-0",
                    "look-1"
                ],
                "settings": {
                    "subheading": "Shop",
                    "title": "Our looks",
                    "show_mobile_product_info": false
                }
            },
            "collection-template": {
                "type": "collection-template",
                "settings": {
                    "show_collection_info": true,
                    "show_collection_image": false,
                    "show_color_swatch": false,
                    "collection_image_size": "large",
                    "show_sort_by": true,
                    "show_layout_switch": false,
                    "toolbar_position": "bottom",
                    "filter_position": "sidebar",
                    "filter_mode": "tag",
                    "show_filter_color_swatch": true,
                    "filter_menu": "",
                    "grid_items_per_page": 16,
                    "grid_mobile_items_per_row": "2",
                    "grid_desktop_items_per_row": 4
                }
            },
            "recently-viewed-products": {
                "type": "recently-viewed-products",
                "settings": {
                    "show_section": true,
                    "title": "Recently viewed",
                    "show_product_info": true,
                    "show_color_swatch": false
                }
            },
            "collection-footer": {
                "type": "collection-footer",
                "settings": {
                    "show_section": false,
                    "image": "",
                    "text_color": "#ffffff",
                    "apply_overlay": true,
                    "title": "Our story",
                    "content": "<p>Add your own custom content to explain your processes...</p>"
                }
            },
            "product-template": {
                "type": "product-template",
                "settings": {
                    "show_share_buttons": true,
                    "show_vendor": true,
                    "description_below_add_to_cart": false,
                    "show_color_swatch": true,
                    "show_color_carousel": false,
                    "show_quantity_selector": true,
                    "show_inventory_quantity": false,
                    "inventory_quantity_threshold": 3,
                    "show_payment_button": false,
                    "image_size": "large",
                    "enable_image_zoom": true,
                    "show_thumbnails": false,
                    "tab_page_1_handle": "",
                    "tab_page_2_handle": "",
                    "reviews_enabled": false,
                    "featured_image_size": "large"
                }
            },
            "related-products": {
                "type": "related-products",
                "settings": {
                    "show_section": true,
                    "title": "Related Products",
                    "show_product_info": true,
                    "show_color_swatch": false
                }
            },
            "popup": {
                "type": "popup",
                "settings": {
                    "show_popup": true,
                    "show_only_on_index": true,
                    "show_only_for_visitors": true,
                    "show_only_once": true,
                    "title": "Popup",
                    "content": "<p>You can use this popup to display some useful information to your customers.</p>",
                    "show_newsletter": true,
                    "apparition_delay": 5
                }
            },
            "1536065219503": {
                "type": "image-with-text-block",
                "settings": {
                    "image": "",
                    "background": "#515c63",
                    "text_color": "#ffffff",
                    "block_size": "normal",
                    "title": "TRENDING JEWELRY",
                    "content": "<p>Show off your personality with meaningful, eco-conscious expandable bracelets, necklaces, rings, and earrings that empower the light within&nbsp; you.</p>",
                    "button_label": "SHOP NOW",
                    "button_link": "",
                    "show_parallax": true
                }
            },
            "1536065842202": {
                "type": "testimonials",
                "blocks": {
                    "1536065842202-0": {
                        "type": "testimonial",
                        "settings": {
                            "logo": "",
                            "quote": "<p>I was searching on Google for beauty products and l got exactly what l needed here, l recommend</p>"
                        }
                    },
                    "1536065842202-1": {
                        "type": "testimonial",
                        "settings": {
                            "logo": "",
                            "quote": "<p>I always want to give a touch to my wrist with luxury watches, l found the perfect and affordable watch on this web shop.</p>"
                        }
                    },
                    "1536065842202-2": {
                        "type": "testimonial",
                        "settings": {
                            "logo": "",
                            "quote": "<p>I love everything in here, l took my time and searched through this shop and l really love their quality products.</p>"
                        }
                    },
                    "1536067220146": {
                        "type": "testimonial",
                        "settings": {
                            "logo": "",
                            "quote": "<p>Excellent services, is my first time buying from this store, l got my product in good shape wit very convenient process.</p>"
                        }
                    }
                },
                "block_order": [
                    "1536065842202-2",
                    "1536065842202-1",
                    "1536065842202-0",
                    "1536067220146"
                ],
                "settings": {
                    "autoplay": true,
                    "cycle_speed": 5,
                    "background": "#31648b",
                    "text_color": "#f8f8f8"
                }
            },
            "1536065970902": {
                "type": "featured-collections",
                "blocks": {
                    "1536065970902-0": {
                        "type": "collection",
                        "settings": {
                            "collection": "",
                            "title": "HEALTH & BEAUTY",
                            "grid_items_count": 8,
                            "button_text": "View all products"
                        }
                    },
                    "1536066003542": {
                        "type": "collection",
                        "settings": {
                            "collection": "",
                            "title": "",
                            "grid_items_count": 8,
                            "button_text": "View all products"
                        }
                    }
                },
                "block_order": [
                    "1536066003542",
                    "1536065970902-0"
                ],
                "settings": {
                    "title": "Staff pick of the week!",
                    "layout_mode": "carousel",
                    "show_product_info": true,
                    "show_color_swatch": false,
                    "grid_mobile_items_per_row": "2",
                    "grid_desktop_items_per_row": 4
                }
            },
            "1536067011368": {
                "type": "newsletter",
                "settings": {
                    "section_size": "small",
                    "image": "",
                    "text_color": "#ffffff",
                    "button_color": "#000000",
                    "subheading": "Keep updated",
                    "title": "Newsletter",
                    "content": "<p>Subscribe to receive updates, access to exclusive deals, and more.</p>"
                }
            }
        },
        "content_for_index": [
            "slideshow",
            "featured-collections",
            "1536065219503",
            "shop-the-look",
            "collection-list",
            "1536065970902",
            "1536065842202",
            "1536067011368"
        ]
    },
    "presets": {
        "Aurora": {
            "heading_color": "#1c1b1b",
            "text_color": "#1c1b1b",
            "text_light_color": "#6a6a6a",
            "link_color": "#6a6a6a",
            "background": "#efefef",
            "light_background": "#ffffff",
            "product_on_sale_color": "#f94c43",
            "button_background": "#1c1b1b",
            "button_text_color": "#ffffff",
            "header_background": "#ffffff",
            "header_heading_color": "#1c1b1b",
            "header_light_color": "#6a6a6a",
            "footer_background": "#ffffff",
            "footer_heading_color": "#1c1b1b",
            "footer_text_color": "#6a6a6a",
            "newsletter_popup_background": "#1c1b1b",
            "newsletter_popup_text_color": "#ffffff",
            "secondary_elements_background": "#1c1b1b",
            "secondary_elements_text_color": "#ffffff",
            "navigation_background": "#1c1b1b",
            "navigation_text_color": "#ffffff",
            "heading_font": "montserrat_n5",
            "heading_size": "small",
            "uppercase_heading": true,
            "text_font": "nunito_sans_n4",
            "base_text_font_size": 14,
            "currency_conversion_enabled": false,
            "currency_conversion_round_amounts": true,
            "currency_conversion_supported_currencies": "USD CAD EUR GBP",
            "currency_conversion_money_format": "money_format",
            "show_page_transition": true,
            "search_mode": "product,article",
            "product_show_price_on_hover": false,
            "product_show_secondary_image": false,
            "product_info_alignment": "center",
            "product_image_size": "natural",
            "product_list_horizontal_spacing": "medium",
            "product_list_vertical_spacing": "small",
            "cart_type": "drawer",
            "cart_enable_notes": true,
            "cart_show_free_shipping_threshold": false,
            "cart_free_shipping_threshold": 50,
            "checkout_logo_position": "center",
            "checkout_logo_size": "small",
            "checkout_body_background_color": "#ffffff",
            "checkout_input_background_color_mode": "white",
            "checkout_sidebar_background_color": "#efefef",
            "checkout_accent_color": "#1c1b1b",
            "checkout_button_color": "#1c1b1b",
            "sections": {
                "sidebar-menu": {
                    "type": "sidebar-menu",
                    "settings": {
                        "primary_menu": "main-menu",
                        "show_social_media": true
                    }
                },
                "announcement": {
                    "type": "announcement",
                    "settings": {
                        "background": "#000000",
                        "text_color": "#ffffff",
                        "content": "Welcome to Aurora"
                    }
                },
                "header": {
                    "type": "header",
                    "settings": {
                        "use_sticky_header": true,
                        "logo_max_width": 140,
                        "navigation_menu": "main-menu",
                        "navigation_style": "inline",
                        "enable_transparent_header": true,
                        "transparent_text_color": "#ffffff"
                    }
                },
                "footer": {
                    "type": "footer",
                    "blocks": {
                        "footer-0": {
                            "type": "text",
                            "settings": {
                                "title": "About Aurora",
                                "content": "Aurora is a premium, AI-optimized Shopify theme designed for high-performance stores.",
                                "show_social_media": true
                            }
                        },
                        "footer-1": {
                            "type": "links",
                            "settings": {
                                "menu": "footer"
                            }
                        },
                        "footer-2": {
                            "type": "newsletter",
                            "settings": {
                                "title": "Newsletter",
                                "content": "<p>Subscribe to receive updates, access to exclusive deals, and more.</p>"
                            }
                        }
                    },
                    "block_order": [
                        "footer-0",
                        "footer-1",
                        "footer-2"
                    ],
                    "settings": {
                        "show_payment_methods": true
                    }
                },
                "slideshow": {
                    "type": "slideshow",
                    "blocks": {
                        "slide-0": {
                            "type": "image",
                            "settings": {
                                "apply_overlay": true,
                                "content_position": "bottomLeft",
                                "subheading": "Slide title",
                                "title": "Tell your story"
                            }
                        },
                        "slide-1": {
                            "type": "image",
                            "settings": {
                                "apply_overlay": true,
                                "content_position": "bottomLeft",
                                "subheading": "Slide title",
                                "title": "Tell your story"
                            }
                        }
                    },
                    "block_order": [
                        "slide-0",
                        "slide-1"
                    ],
                    "settings": {
                        "show_fullscreen": true,
                        "show_arrow": false,
                        "autoplay": true,
                        "cycle_speed": 5,
                        "text_color": "#ffffff",
                        "button_color": "#363636"
                    }
                },
                "featured-collections": {
                    "type": "featured-collections",
                    "blocks": {
                        "featured-collection-0": {
                            "type": "collection",
                            "settings": {
                                "grid_items_count": 8,
                                "button_text": "View all products"
                            }
                        }
                    },
                    "block_order": [
                        "featured-collection-0"
                    ],
                    "settings": {
                        "title": "Featured collection",
                        "layout_mode": "grid",
                        "show_product_info": true,
                        "grid_mobile_items_per_row": "2",
                        "grid_desktop_items_per_row": 4
                    }
                },
                "collection-list": {
                    "type": "collection-list",
                    "blocks": {
                        "collection-0": {
                            "type": "collection",
                            "settings": {
                                "image_alignment": "center center",
                                "subheading": "Sub-heading",
                                "button_text": "View products",
                                "apply_overlay": true
                            }
                        },
                        "collection-1": {
                            "type": "collection",
                            "settings": {
                                "image_alignment": "center center",
                                "subheading": "Sub-heading",
                                "button_text": "View products",
                                "apply_overlay": true
                            }
                        },
                        "collection-2": {
                            "type": "collection",
                            "settings": {
                                "image_alignment": "center center",
                                "subheading": "Sub-heading",
                                "button_text": "View products",
                                "apply_overlay": true
                            }
                        }
                    },
                    "block_order": [
                        "collection-0",
                        "collection-1",
                        "collection-2"
                    ],
                    "settings": {
                        "add_spacing": true,
                        "expand_collection": false,
                        "text_color": "#ffffff",
                        "button_color": "#363636"
                    }
                },
                "featured-product": {
                    "type": "featured-product",
                    "settings": {
                        "title": "Featured product",
                        "show_vendor": true,
                        "show_description": true,
                        "show_color_swatch": true,
                        "show_color_carousel": false,
                        "show_quantity_selector": true,
                        "show_inventory_quantity": false,
                        "inventory_quantity_threshold": 3
                    }
                },
                "timeline": {
                    "type": "timeline",
                    "blocks": {
                        "item-0": {
                            "type": "item",
                            "settings": {
                                "apply_overlay": true,
                                "title": "2000",
                                "subheading": "Sub-heading",
                                "heading": "Heading",
                                "content": "<p>Add your own custom content to give more information about your store, availability details...</p>"
                            }
                        },
                        "item-1": {
                            "type": "item",
                            "settings": {
                                "apply_overlay": true,
                                "title": "2001",
                                "subheading": "Sub-heading",
                                "heading": "Heading",
                                "content": "<p>Add your own custom content to give more information about your store, availability details...</p>"
                            }
                        },
                        "item-2": {
                            "type": "item",
                            "settings": {
                                "apply_overlay": true,
                                "title": "2002",
                                "subheading": "Sub-heading",
                                "heading": "Heading",
                                "content": "<p>Add your own custom content to give more information about your store, availability details...</p>"
                            }
                        }
                    },
                    "block_order": [
                        "item-0",
                        "item-1",
                        "item-2"
                    ],
                    "settings": {
                        "text_color": "#ffffff"
                    }
                },
                "blog-posts": {
                    "type": "blog-posts",
                    "blocks": {
                        "blog-0": {
                            "type": "blog",
                            "settings": {
                                "blog": "news"
                            }
                        }
                    },
                    "block_order": [
                        "blog-0"
                    ],
                    "settings": {
                        "title": "Featured article",
                        "show_category": false,
                        "button_text": "View all articles"
                    }
                },
                "shop-the-look": {
                    "type": "shop-the-look",
                    "blocks": {
                        "look-0": {
                            "type": "look",
                            "settings": {
                                "dot_style": "light",
                                "product_1_horizontal_position": 30,
                                "product_1_vertical_position": 40,
                                "product_2_horizontal_position": 45,
                                "product_2_vertical_position": 65,
                                "product_3_horizontal_position": 70,
                                "product_3_vertical_position": 50
                            }
                        },
                        "look-1": {
                            "type": "look",
                            "settings": {
                                "dot_style": "light",
                                "product_1_horizontal_position": 25,
                                "product_1_vertical_position": 45,
                                "product_2_horizontal_position": 55,
                                "product_2_vertical_position": 30,
                                "product_3_horizontal_position": 65,
                                "product_3_vertical_position": 60
                            }
                        }
                    },
                    "block_order": [
                        "look-0",
                        "look-1"
                    ],
                    "settings": {
                        "subheading": "Shop",
                        "title": "Our looks"
                    }
                },
                "collection-template": {
                    "type": "collection-template",
                    "settings": {
                        "show_collection_info": true,
                        "show_collection_image": false,
                        "show_sort_by": true,
                        "show_layout_switch": false,
                        "toolbar_position": "bottom",
                        "filter_position": "sidebar",
                        "filter_mode": "tag",
                        "show_filter_color_swatch": true,
                        "grid_items_per_page": 16,
                        "grid_mobile_items_per_row": "2",
                        "grid_desktop_items_per_row": 4
                    }
                },
                "recently-viewed-products": {
                    "type": "recently-viewed-products",
                    "settings": {
                        "show_section": true,
                        "title": "Recently viewed",
                        "show_product_info": true
                    }
                },
                "collection-footer": {
                    "type": "collection-footer",
                    "settings": {
                        "show_section": false,
                        "text_color": "#ffffff",
                        "apply_overlay": true,
                        "title": "Our story",
                        "content": "<p>Add your own custom content to explain your processes...</p>"
                    }
                },
                "product-template": {
                    "type": "product-template",
                    "settings": {
                        "show_share_buttons": true,
                        "show_vendor": true,
                        "show_color_swatch": true,
                        "show_color_carousel": false,
                        "show_quantity_selector": true,
                        "show_inventory_quantity": false,
                        "inventory_quantity_threshold": 3,
                        "image_size": "large",
                        "enable_image_zoom": true,
                        "show_thumbnails": false,
                        "reviews_enabled": false
                    }
                },
                "related-products": {
                    "type": "related-products",
                    "settings": {
                        "show_section": true,
                        "title": "Related Products",
                        "show_product_info": true
                    }
                }
            },
            "content_for_index": [
                "slideshow",
                "featured-collections",
                "collection-list",
                "featured-product",
                "timeline",
                "blog-posts",
                "shop-the-look"
            ]
        },
        "Couture": {
            "heading_color": "#5c5c5c",
            "text_color": "#5c5c5c",
            "text_light_color": "#939393",
            "link_color": "#323232",
            "background": "#ffffff",
            "light_background": "#ffffff",
            "product_on_sale_color": "#f94c43",
            "button_background": "#5c5c5c",
            "button_text_color": "#ffffff",
            "header_background": "#ffffff",
            "header_heading_color": "#5c5c5c",
            "header_light_color": "#939393",
            "footer_background": "#ffffff",
            "footer_heading_color": "#5c5c5c",
            "footer_text_color": "#939393",
            "newsletter_popup_background": "#ffffff",
            "newsletter_popup_text_color": "#1c1b1b",
            "secondary_elements_background": "#5c5c5c",
            "secondary_elements_text_color": "#ffffff",
            "navigation_background": "#ffffff",
            "navigation_text_color": "#5c5c5c",
            "heading_font": "futura_n4",
            "heading_size": "large",
            "uppercase_heading": false,
            "text_font": "century_gothic_n4",
            "base_text_font_size": 15,
            "currency_conversion_enabled": false,
            "currency_conversion_round_amounts": true,
            "currency_conversion_supported_currencies": "USD CAD EUR GBP",
            "currency_conversion_money_format": "money_format",
            "show_page_transition": true,
            "search_mode": "product,article",
            "product_show_price_on_hover": true,
            "product_show_secondary_image": false,
            "product_info_alignment": "left",
            "product_image_size": "natural",
            "product_list_horizontal_spacing": "small",
            "product_list_vertical_spacing": "small",
            "cart_type": "drawer",
            "cart_enable_notes": true,
            "cart_show_free_shipping_threshold": false,
            "cart_free_shipping_threshold": 50,
            "checkout_logo_position": "center",
            "checkout_logo_size": "small",
            "checkout_body_background_color": "#fff",
            "checkout_input_background_color_mode": "white",
            "checkout_sidebar_background_color": "#fafafa",
            "checkout_accent_color": "#323232",
            "checkout_button_color": "#5c5c5c",
            "sections": {
                "sidebar-menu": {
                    "type": "sidebar-menu",
                    "settings": {
                        "primary_menu": "main-menu",
                        "show_social_media": true
                    }
                },
                "announcement": {
                    "type": "announcement",
                    "settings": {
                        "background": "#f3f3f3",
                        "text_color": "#5c5c5c",
                        "content": "Welcome to Aurora"
                    }
                },
                "header": {
                    "type": "header",
                    "settings": {
                        "use_sticky_header": true,
                        "logo_max_width": 140,
                        "navigation_menu": "main-menu",
                        "navigation_style": "center",
                        "enable_transparent_header": true,
                        "transparent_text_color": "#ffffff"
                    }
                },
                "footer": {
                    "type": "footer",
                    "blocks": {
                        "footer-0": {
                            "type": "text",
                            "settings": {
                                "title": "About Aurora",
                                "content": "Aurora is a premium, AI-optimized Shopify theme designed for high-performance stores.",
                                "show_social_media": true
                            }
                        },
                        "footer-1": {
                            "type": "links",
                            "settings": {
                                "menu": "footer"
                            }
                        },
                        "footer-2": {
                            "type": "newsletter",
                            "settings": {
                                "title": "Newsletter",
                                "content": "<p>Subscribe to receive updates, access to exclusive deals, and more.</p>"
                            }
                        }
                    },
                    "block_order": [
                        "footer-0",
                        "footer-1",
                        "footer-2"
                    ],
                    "settings": {
                        "show_payment_methods": true
                    }
                },
                "slideshow": {
                    "type": "slideshow",
                    "blocks": {
                        "slide-0": {
                            "type": "image",
                            "settings": {
                                "apply_overlay": true,
                                "content_position": "bottomLeft",
                                "subheading": "Slide title",
                                "title": "Tell your story"
                            }
                        },
                        "slide-1": {
                            "type": "image",
                            "settings": {
                                "apply_overlay": true,
                                "content_position": "bottomLeft",
                                "subheading": "Slide title",
                                "title": "Tell your story"
                            }
                        }
                    },
                    "block_order": [
                        "slide-0",
                        "slide-1"
                    ],
                    "settings": {
                        "show_fullscreen": true,
                        "show_arrow": false,
                        "autoplay": true,
                        "cycle_speed": 5,
                        "text_color": "#ffffff",
                        "button_color": "#363636"
                    }
                },
                "featured-collections": {
                    "type": "featured-collections",
                    "blocks": {
                        "featured-collection-0": {
                            "type": "collection",
                            "settings": {
                                "grid_items_count": 8,
                                "button_text": "View all products"
                            }
                        }
                    },
                    "block_order": [
                        "featured-collection-0"
                    ],
                    "settings": {
                        "title": "Featured collection",
                        "layout_mode": "grid",
                        "show_product_info": true,
                        "grid_mobile_items_per_row": "2",
                        "grid_desktop_items_per_row": 4
                    }
                },
                "collection-list": {
                    "type": "collection-list",
                    "blocks": {
                        "collection-0": {
                            "type": "collection",
                            "settings": {
                                "image_alignment": "center center",
                                "subheading": "Sub-heading",
                                "button_text": "View products",
                                "apply_overlay": true
                            }
                        },
                        "collection-1": {
                            "type": "collection",
                            "settings": {
                                "image_alignment": "center center",
                                "subheading": "Sub-heading",
                                "button_text": "View products",
                                "apply_overlay": true
                            }
                        },
                        "collection-2": {
                            "type": "collection",
                            "settings": {
                                "image_alignment": "center center",
                                "subheading": "Sub-heading",
                                "button_text": "View products",
                                "apply_overlay": true
                            }
                        }
                    },
                    "block_order": [
                        "collection-0",
                        "collection-1",
                        "collection-2"
                    ],
                    "settings": {
                        "add_spacing": true,
                        "expand_collection": false,
                        "text_color": "#ffffff",
                        "button_color": "#363636"
                    }
                },
                "featured-product": {
                    "type": "featured-product",
                    "settings": {
                        "title": "Featured product",
                        "show_vendor": true,
                        "show_description": true,
                        "show_color_swatch": true,
                        "show_color_carousel": false,
                        "show_quantity_selector": true,
                        "show_inventory_quantity": false,
                        "inventory_quantity_threshold": 3
                    }
                },
                "timeline": {
                    "type": "timeline",
                    "blocks": {
                        "item-0": {
                            "type": "item",
                            "settings": {
                                "apply_overlay": true,
                                "title": "2000",
                                "subheading": "Sub-heading",
                                "heading": "Heading",
                                "content": "<p>Add your own custom content to give more information about your store, availability details...</p>"
                            }
                        },
                        "item-1": {
                            "type": "item",
                            "settings": {
                                "apply_overlay": true,
                                "title": "2001",
                                "subheading": "Sub-heading",
                                "heading": "Heading",
                                "content": "<p>Add your own custom content to give more information about your store, availability details...</p>"
                            }
                        },
                        "item-2": {
                            "type": "item",
                            "settings": {
                                "apply_overlay": true,
                                "title": "2002",
                                "subheading": "Sub-heading",
                                "heading": "Heading",
                                "content": "<p>Add your own custom content to give more information about your store, availability details...</p>"
                            }
                        }
                    },
                    "block_order": [
                        "item-0",
                        "item-1",
                        "item-2"
                    ],
                    "settings": {
                        "text_color": "#ffffff"
                    }
                },
                "blog-posts": {
                    "type": "blog-posts",
                    "blocks": {
                        "blog-0": {
                            "type": "blog",
                            "settings": {
                                "blog": "news"
                            }
                        }
                    },
                    "block_order": [
                        "blog-0"
                    ],
                    "settings": {
                        "title": "Featured article",
                        "show_category": false,
                        "button_text": "View all articles"
                    }
                },
                "shop-the-look": {
                    "type": "shop-the-look",
                    "blocks": {
                        "look-0": {
                            "type": "look",
                            "settings": {
                                "dot_style": "light",
                                "product_1_horizontal_position": 30,
                                "product_1_vertical_position": 40,
                                "product_2_horizontal_position": 45,
                                "product_2_vertical_position": 65,
                                "product_3_horizontal_position": 70,
                                "product_3_vertical_position": 50
                            }
                        },
                        "look-1": {
                            "type": "look",
                            "settings": {
                                "dot_style": "light",
                                "product_1_horizontal_position": 25,
                                "product_1_vertical_position": 45,
                                "product_2_horizontal_position": 55,
                                "product_2_vertical_position": 30,
                                "product_3_horizontal_position": 65,
                                "product_3_vertical_position": 60
                            }
                        }
                    },
                    "block_order": [
                        "look-0",
                        "look-1"
                    ],
                    "settings": {
                        "subheading": "Shop",
                        "title": "Our looks"
                    }
                },
                "collection-template": {
                    "type": "collection-template",
                    "settings": {
                        "show_collection_info": true,
                        "show_collection_image": false,
                        "show_sort_by": true,
                        "show_layout_switch": false,
                        "toolbar_position": "bottom",
                        "filter_position": "sidebar",
                        "filter_mode": "tag",
                        "show_filter_color_swatch": true,
                        "grid_items_per_page": 16,
                        "grid_mobile_items_per_row": "2",
                        "grid_desktop_items_per_row": 4
                    }
                },
                "recently-viewed-products": {
                    "type": "recently-viewed-products",
                    "settings": {
                        "show_section": true,
                        "title": "Recently viewed",
                        "show_product_info": true
                    }
                },
                "collection-footer": {
                    "type": "collection-footer",
                    "settings": {
                        "show_section": false,
                        "text_color": "#ffffff",
                        "apply_overlay": true,
                        "title": "Our story",
                        "content": "<p>Add your own custom content to explain your processes...</p>"
                    }
                },
                "product-template": {
                    "type": "product-template",
                    "settings": {
                        "show_share_buttons": true,
                        "show_vendor": true,
                        "show_color_swatch": true,
                        "show_color_carousel": false,
                        "show_quantity_selector": true,
                        "show_inventory_quantity": false,
                        "inventory_quantity_threshold": 3,
                        "image_size": "large",
                        "enable_image_zoom": true,
                        "show_thumbnails": false,
                        "reviews_enabled": false
                    }
                },
                "related-products": {
                    "type": "related-products",
                    "settings": {
                        "show_section": true,
                        "title": "Related Products",
                        "show_product_info": true
                    }
                }
            },
            "content_for_index": [
                "slideshow",
                "featured-collections",
                "collection-list",
                "featured-product",
                "timeline",
                "blog-posts",
                "shop-the-look"
            ]
        },
        "Vogue": {
            "heading_color": "#454545",
            "text_color": "#454545",
            "text_light_color": "#9d9d9d",
            "link_color": "#a17c5e",
            "background": "#ffffff",
            "light_background": "#ffffff",
            "product_on_sale_color": "#f94c43",
            "button_background": "#c2a284",
            "button_text_color": "#ffffff",
            "header_background": "#ffffff",
            "header_heading_color": "#454545",
            "header_light_color": "#9d9d9d",
            "footer_background": "#ffffff",
            "footer_heading_color": "#454545",
            "footer_text_color": "#9d9d9d",
            "newsletter_popup_background": "#454545",
            "newsletter_popup_text_color": "#ffffff",
            "secondary_elements_background": "#f1e4d8",
            "secondary_elements_text_color": "#373737",
            "navigation_background": "#454545",
            "navigation_text_color": "#ffffff",
            "heading_font": "din_neuzeit_grotesk_n3",
            "heading_size": "small",
            "uppercase_heading": true,
            "text_font": "futura_n4",
            "base_text_font_size": 14,
            "currency_conversion_enabled": false,
            "currency_conversion_round_amounts": true,
            "currency_conversion_supported_currencies": "USD CAD EUR GBP",
            "currency_conversion_money_format": "money_format",
            "show_page_transition": true,
            "show_element_staggering": false,
            "search_mode": "product,article",
            "product_show_price_on_hover": true,
            "product_show_secondary_image": false,
            "product_info_alignment": "center",
            "product_image_size": "natural",
            "product_list_horizontal_spacing": "medium",
            "product_list_vertical_spacing": "small",
            "cart_type": "drawer",
            "cart_enable_notes": true,
            "cart_show_free_shipping_threshold": false,
            "cart_free_shipping_threshold": 50,
            "checkout_logo_position": "left",
            "checkout_logo_size": "medium",
            "checkout_body_background_color": "#fff",
            "checkout_input_background_color_mode": "white",
            "checkout_sidebar_background_color": "#fafafa",
            "checkout_accent_color": "#a17c5e",
            "checkout_button_color": "#454545",
            "sections": {
                "sidebar-menu": {
                    "type": "sidebar-menu",
                    "settings": {
                        "primary_menu": "main-menu",
                        "show_social_media": true
                    }
                },
                "announcement": {
                    "type": "announcement",
                    "settings": {
                        "background": "#f1e4d8",
                        "text_color": "#343434",
                        "content": "Welcome to Aurora"
                    }
                },
                "header": {
                    "type": "header",
                    "settings": {
                        "use_sticky_header": true,
                        "logo_max_width": 140,
                        "navigation_menu": "main-menu",
                        "navigation_style": "inline",
                        "enable_transparent_header": true,
                        "transparent_text_color": "#ffffff"
                    }
                },
                "footer": {
                    "type": "footer",
                    "blocks": {
                        "footer-0": {
                            "type": "text",
                            "settings": {
                                "title": "About Aurora",
                                "content": "Aurora is a premium, AI-optimized Shopify theme designed for high-performance stores.",
                                "show_social_media": true
                            }
                        },
                        "footer-1": {
                            "type": "links",
                            "settings": {
                                "menu": "footer"
                            }
                        },
                        "footer-2": {
                            "type": "newsletter",
                            "settings": {
                                "title": "Newsletter",
                                "content": "<p>Subscribe to receive updates, access to exclusive deals, and more.</p>"
                            }
                        }
                    },
                    "block_order": [
                        "footer-0",
                        "footer-1",
                        "footer-2"
                    ],
                    "settings": {
                        "show_payment_methods": true
                    }
                },
                "slideshow": {
                    "type": "slideshow",
                    "blocks": {
                        "slide-0": {
                            "type": "image",
                            "settings": {
                                "apply_overlay": true,
                                "content_position": "bottomLeft",
                                "subheading": "Slide title",
                                "title": "Tell your story"
                            }
                        },
                        "slide-1": {
                            "type": "image",
                            "settings": {
                                "apply_overlay": true,
                                "content_position": "bottomLeft",
                                "subheading": "Slide title",
                                "title": "Tell your story"
                            }
                        }
                    },
                    "block_order": [
                        "slide-0",
                        "slide-1"
                    ],
                    "settings": {
                        "show_fullscreen": true,
                        "show_arrow": false,
                        "autoplay": true,
                        "cycle_speed": 5,
                        "text_color": "#ffffff",
                        "button_color": "#363636"
                    }
                },
                "featured-collections": {
                    "type": "featured-collections",
                    "blocks": {
                        "featured-collection-0": {
                            "type": "collection",
                            "settings": {
                                "grid_items_count": 8,
                                "button_text": "View all products"
                            }
                        }
                    },
                    "block_order": [
                        "featured-collection-0"
                    ],
                    "settings": {
                        "title": "Featured collection",
                        "layout_mode": "grid",
                        "show_product_info": true,
                        "grid_mobile_items_per_row": "2",
                        "grid_desktop_items_per_row": 4
                    }
                },
                "collection-list": {
                    "type": "collection-list",
                    "blocks": {
                        "collection-0": {
                            "type": "collection",
                            "settings": {
                                "image_alignment": "center center",
                                "subheading": "Sub-heading",
                                "button_text": "View products",
                                "apply_overlay": true
                            }
                        },
                        "collection-1": {
                            "type": "collection",
                            "settings": {
                                "image_alignment": "center center",
                                "subheading": "Sub-heading",
                                "button_text": "View products",
                                "apply_overlay": true
                            }
                        },
                        "collection-2": {
                            "type": "collection",
                            "settings": {
                                "image_alignment": "center center",
                                "subheading": "Sub-heading",
                                "button_text": "View products",
                                "apply_overlay": true
                            }
                        }
                    },
                    "block_order": [
                        "collection-0",
                        "collection-1",
                        "collection-2"
                    ],
                    "settings": {
                        "add_spacing": true,
                        "expand_collection": false,
                        "text_color": "#ffffff",
                        "button_color": "#363636"
                    }
                },
                "featured-product": {
                    "type": "featured-product",
                    "settings": {
                        "title": "Featured product",
                        "show_vendor": true,
                        "show_description": true,
                        "show_color_swatch": true,
                        "show_color_carousel": false,
                        "show_quantity_selector": true,
                        "show_inventory_quantity": false,
                        "inventory_quantity_threshold": 3
                    }
                },
                "timeline": {
                    "type": "timeline",
                    "blocks": {
                        "item-0": {
                            "type": "item",
                            "settings": {
                                "apply_overlay": true,
                                "title": "2000",
                                "subheading": "Sub-heading",
                                "heading": "Heading",
                                "content": "<p>Add your own custom content to give more information about your store, availability details...</p>"
                            }
                        },
                        "item-1": {
                            "type": "item",
                            "settings": {
                                "apply_overlay": true,
                                "title": "2001",
                                "subheading": "Sub-heading",
                                "heading": "Heading",
                                "content": "<p>Add your own custom content to give more information about your store, availability details...</p>"
                            }
                        },
                        "item-2": {
                            "type": "item",
                            "settings": {
                                "apply_overlay": true,
                                "title": "2002",
                                "subheading": "Sub-heading",
                                "heading": "Heading",
                                "content": "<p>Add your own custom content to give more information about your store, availability details...</p>"
                            }
                        }
                    },
                    "block_order": [
                        "item-0",
                        "item-1",
                        "item-2"
                    ],
                    "settings": {
                        "text_color": "#ffffff"
                    }
                },
                "blog-posts": {
                    "type": "blog-posts",
                    "blocks": {
                        "blog-0": {
                            "type": "blog",
                            "settings": {
                                "blog": "news"
                            }
                        }
                    },
                    "block_order": [
                        "blog-0"
                    ],
                    "settings": {
                        "title": "Featured article",
                        "show_category": false,
                        "button_text": "View all articles"
                    }
                },
                "shop-the-look": {
                    "type": "shop-the-look",
                    "blocks": {
                        "look-0": {
                            "type": "look",
                            "settings": {
                                "dot_style": "light",
                                "product_1_horizontal_position": 30,
                                "product_1_vertical_position": 40,
                                "product_2_horizontal_position": 45,
                                "product_2_vertical_position": 65,
                                "product_3_horizontal_position": 70,
                                "product_3_vertical_position": 50
                            }
                        },
                        "look-1": {
                            "type": "look",
                            "settings": {
                                "dot_style": "light",
                                "product_1_horizontal_position": 25,
                                "product_1_vertical_position": 45,
                                "product_2_horizontal_position": 55,
                                "product_2_vertical_position": 30,
                                "product_3_horizontal_position": 65,
                                "product_3_vertical_position": 60
                            }
                        }
                    },
                    "block_order": [
                        "look-0",
                        "look-1"
                    ],
                    "settings": {
                        "subheading": "Shop",
                        "title": "Our looks"
                    }
                },
                "collection-template": {
                    "type": "collection-template",
                    "settings": {
                        "show_collection_info": true,
                        "show_collection_image": false,
                        "show_sort_by": true,
                        "show_layout_switch": false,
                        "toolbar_position": "bottom",
                        "filter_position": "sidebar",
                        "filter_mode": "tag",
                        "show_filter_color_swatch": true,
                        "grid_items_per_page": 16,
                        "grid_mobile_items_per_row": "2",
                        "grid_desktop_items_per_row": 4
                    }
                },
                "recently-viewed-products": {
                    "type": "recently-viewed-products",
                    "settings": {
                        "show_section": true,
                        "title": "Recently viewed",
                        "show_product_info": true
                    }
                },
                "collection-footer": {
                    "type": "collection-footer",
                    "settings": {
                        "show_section": false,
                        "text_color": "#ffffff",
                        "apply_overlay": true,
                        "title": "Our story",
                        "content": "<p>Add your own custom content to explain your processes...</p>"
                    }
                },
                "product-template": {
                    "type": "product-template",
                    "settings": {
                        "show_share_buttons": true,
                        "show_vendor": true,
                        "show_color_swatch": true,
                        "show_color_carousel": false,
                        "show_quantity_selector": true,
                        "show_inventory_quantity": false,
                        "inventory_quantity_threshold": 3,
                        "image_size": "large",
                        "enable_image_zoom": true,
                        "show_thumbnails": false,
                        "reviews_enabled": false
                    }
                },
                "related-products": {
                    "type": "related-products",
                    "settings": {
                        "show_section": true,
                        "title": "Related Products",
                        "show_product_info": true
                    }
                }
            },
            "content_for_index": [
                "slideshow",
                "featured-collections",
                "collection-list",
                "featured-product",
                "timeline",
                "blog-posts",
                "shop-the-look"
            ]
        }
    }
}